word,sentiment
Reparatur,-0.0008
unerhört,-0.0008
verschlingen,-0.0008
überglücklich,0.004
übergroß,0.004
überholen,0.004
überleben,0.004
überlegen,0.004
überlegt,0.004
übermenschlich,0.004
überragend,0.004
überraschend,0.004
überrunden,0.004
überschäumen,0.004
überschaubar,0.004
überschwänglich,0.004
übertreffen,0.004
überwinden,0.004
abgesichert,0.004
abmachen,0.004
Abmachung,0.004
abschließen,0.004
Abschluß,0.004
abstimmen,0.004
Abstimmung,0.004
addieren,0.004
Agilität,0.004
akkurat,0.004
Aktivität,0.004
aktualisieren,0.004
Aktualisierung,0.004
Aktualität,0.004
aktuell,0.004
akzeptabel,0.004
Akzeptanz,0.004
akzeptieren,0.004
allerbeste,0.004
allererste,0.004
allgemeingültig,0.004
allumfassend,0.004
anbieten,0.004
Andrang,0.004
anerkennen,0.004
anerkennenswert,0.004
angemessen,0.004
Angemessenheit,0.004
angesehen,0.004
anheben,0.004
Anhebung,0.004
anheitern,0.004
Anheiterung,0.004
ankurbeln,0.004
Ankurbelung,0.004
anlocken,0.004
annähern,0.004
Annäherung,0.004
annehmbar,0.004
Annehmlichkeit,0.004
anpassen,0.004
Anpassung,0.004
Anpassungsfähigkeit,0.004
anreichern,0.004
Anreicherung,0.004
Anspruch,0.004
Anständigkeit,0.004
Anstand,0.004
ansteigen,0.004
Anstieg,0.004
Anteil,0.004
anteilig,0.004
anvertrauen,0.004
anziehen,0.004
Anziehung,0.004
Übereinkunft,0.004
Übereinstimmung,0.004
Überfluß,0.004
Überlegenheit,0.004
Überlegung,0.004
Überparteilichkeit,0.004
Überschaubarkeit,0.004
Überschwänglichkeit,0.004
Überzeugung,0.004
applaudieren,0.004
Attraktivität,0.004
aufbereiten,0.004
Aufbereitung,0.004
aufbessern,0.004
Aufbesserung,0.004
auferstehen,0.004
Auferstehung,0.004
aufmerksam,0.004
Aufmerksamkeit,0.004
aufmuntern,0.004
aufmunternd,0.004
Aufmunterung,0.004
aufrecht,0.004
aufrichtig,0.004
Aufrichtigkeit,0.004
aufschwingen,0.004
Aufschwung,0.004
aufsteigen,0.004
Aufstieg,0.004
aufstocken,0.004
Aufstockung,0.004
Auftrag,0.004
auftreiben,0.004
Auftrieb,0.004
aufwärts,0.004
Aufwärtstrend,0.004
aufwendig,0.004
aufwerten,0.004
Aufwertung,0.004
Ausbau,0.004
ausbauen,0.004
ausbilden,0.004
Ausbildung,0.004
ausdauern,0.004
ausführlich,0.004
ausgewählt,0.004
ausgeweitet,0.004
Ausgleich,0.004
ausgleichen,0.004
Ausgleichszahlung,0.004
auskommen,0.004
auskurieren,0.004
ausreichen,0.004
ausreichend,0.004
aussichtsreich,0.004
ausweiten,0.004
auszeichnen,0.004
Auszeichnung,0.004
Authentizität,0.004
autonom,0.004
Autonomie,0.004
bärenstark,0.004
Bündnis,0.004
bahnbrechend,0.004
beachtenswert,0.004
beachtlich,0.004
beauftragen,0.004
bedarfsgerecht,0.004
bedarfsorientiert,0.004
bedarft,0.004
bedenken,0.004
bedeuten,0.004
bedeutend,0.004
bedeutsam,0.004
Bedeutung,0.004
befördern,0.004
Beförderung,0.004
befreien,0.004
Befreiung,0.004
Befriedigung,0.004
begünstigen,0.004
Begünstigung,0.004
begehrt,0.004
beglückend,0.004
begnadet,0.004
begnadigen,0.004
Begnadigung,0.004
behütet,0.004
beheben,0.004
beheizbar,0.004
behutsam,0.004
Beifallsruf,0.004
beilegen,0.004
Beilegung,0.004
beispielhaft,0.004
beisteuern,0.004
Beisteuerung,0.004
beitragen,0.004
beitreten,0.004
Beitritt,0.004
bejubelt,0.004
bekannt,0.004
bekennend,0.004
bekräftigen,0.004
Bekräftigung,0.004
belastbar,0.004
Belastbarkeit,0.004
beleben,0.004
Belebtheit,0.004
belehrbar,0.004
Beliebtheit,0.004
Benefiz,0.004
beneidenswert,0.004
Bereicherung,0.004
bereit,0.004
Bereitschaft,0.004
bereitstellen,0.004
Bereitstellung,0.004
beruhigen,0.004
Beruhigung,0.004
beschleunigen,0.004
Beschleunigung,0.004
beschwichtigen,0.004
Beschwichtigung,0.004
Besitz,0.004
besitzen,0.004
besondere,0.004
besonderer,0.004
besonnen,0.004
besser,0.004
bessern,0.004
Besserung,0.004
Bestätigung,0.004
bestehen,0.004
bestmöglich,0.004
beteiligen,0.004
Beteiligung,0.004
beträchtlich,0.004
bevorzugt,0.004
bewegend,0.004
bewirken,0.004
Bewunderer,0.004
bewundern,0.004
bewundert,0.004
Bewunderung,0.004
Bildung,0.004
Blüte,0.004
Bonität,0.004
Bonus,0.004
Boom,0.004
boomen,0.004
brüderlich,0.004
Brüderlichkeit,0.004
brandneu,0.004
bravourös,0.004
breitgefächert,0.004
Brillanz,0.004
brillieren,0.004
Bund,0.004
Champion,0.004
charakterstark,0.004
Charisma,0.004
charismatisch,0.004
Charme,0.004
Cleverness,0.004
cool,0.004
Dankbarkeit,0.004
denkwürdig,0.004
detailliert,0.004
dienlich,0.004
diplomatisch,0.004
diskret,0.004
Diskretion,0.004
diszipliniert,0.004
durchhalten,0.004
durchschlagend,0.004
Dynamik,0.004
dynamisch,0.004
Echtheit,0.004
effektvoll,0.004
effizient,0.004
Effizienz,0.004
ehrenwert,0.004
ehrfürchtig,0.004
Ehrfurcht,0.004
Ehrlichkeit,0.004
ehrwürdig,0.004
Ehrwürdigkeit,0.004
Eifer,0.004
eifern,0.004
eifrig,0.004
Eigenkapital,0.004
Eignung,0.004
eindeutig,0.004
Eindeutigkeit,0.004
einfach,0.004
Einfallsreichtum,0.004
einflußreich,0.004
einhalten,0.004
Einhaltung,0.004
Einheit,0.004
einheitlich,0.004
Einheitlichkeit,0.004
Einkauf,0.004
Einnahme,0.004
einnehmen,0.004
einsparen,0.004
Einsparung,0.004
einträglich,0.004
einweihen,0.004
Einweihung,0.004
Einzigartigkeit,0.004
Eleganz,0.004
Empathie,0.004
empathisch,0.004
empfehlen,0.004
Empfehlung,0.004
energisch,0.004
engagieren,0.004
enthusiastisch,0.004
entlasten,0.004
Entlastung,0.004
entlohnen,0.004
Entlohnung,0.004
enträtseln,0.004
entschädigen,0.004
Entschädigung,0.004
entschlüsseln,0.004
Entschlüsselung,0.004
entschlossen,0.004
entwirren,0.004
Entwirrung,0.004
epochal,0.004
erarbeiten,0.004
Erbe,0.004
erben,0.004
erfüllen,0.004
Erfüllung,0.004
Erfahrung,0.004
erfreulicher,0.004
Ergänzung,0.004
ergebnisreich,0.004
ergiebig,0.004
Ergiebigkeit,0.004
erhältlich,0.004
erhöhen,0.004
Erhöhung,0.004
erhalten,0.004
Erhaltung,0.004
erhebend,0.004
erheblich,0.004
erkennbar,0.004
erklärt,0.004
erklimmen,0.004
erlösen,0.004
Erlösung,0.004
erlauben,0.004
Erlaubnis,0.004
erleichtern,0.004
Erleichterung,0.004
erleuchten,0.004
Erleuchtung,0.004
ermöglichen,0.004
ermunternd,0.004
ermutigen,0.004
Ermutigung,0.004
erneuern,0.004
Erneuerung,0.004
ernsthaft,0.004
Ernsthaftigkeit,0.004
erreichen,0.004
erschaffen,0.004
erschlossen,0.004
Ersparnis,0.004
ersprießlich,0.004
erstaunen,0.004
erstaunlich,0.004
erstrangig,0.004
Ertrag,0.004
ertragreich,0.004
erwünscht,0.004
erweitern,0.004
erweitert,0.004
Erweiterung,0.004
erzeugen,0.004
Erzeugnis,0.004
erzielen,0.004
etabliert,0.004
exakt,0.004
exklusiv,0.004
exorbitant,0.004
Experte,0.004
Expertise,0.004
explosiv,0.004
exponiert,0.004
exquisit,0.004
extravagant,0.004
Exzellenz,0.004
fähig,0.004
fördern,0.004
führen,0.004
führend,0.004
Führung,0.004
Fülle,0.004
füllen,0.004
Fairness,0.004
fantasievoll,0.004
Faszination,0.004
favorisieren,0.004
Favorit,0.004
fehlerfrei,0.004
fertigen,0.004
Fertigkeit,0.004
fesselnd,0.004
Festakt,0.004
Festigkeit,0.004
Festlichkeit,0.004
fidel,0.004
finanzieren,0.004
Finanzierung,0.004
findig,0.004
flexibel,0.004
Flexibilität,0.004
florieren,0.004
formvollendet,0.004
fortdauernd,0.004
fortschreiten,0.004
Fortschritt,0.004
frei,0.004
Freiheit,0.004
freikommen,0.004
freisprechen,0.004
Freispruch,0.004
freiwillig,0.004
freundschaftlich,0.004
Frieden,0.004
frohlocken,0.004
Fruchtbarkeit,0.004
fulminant,0.004
funkeln,0.004
funktionieren,0.004
funktionsfähig,0.004
Funktionsfähigkeit,0.004
furchtlos,0.004
Furchtlosigkeit,0.004
Gönner,0.004
Gönnerschaft,0.004
göttlich,0.004
gültig,0.004
Gültigkeit,0.004
Güte,0.004
gütig,0.004
gütlich,0.004
galant,0.004
Garantie,0.004
garantiert,0.004
Gastfreundlichkeit,0.004
gedeihlich,0.004
Gedenken,0.004
gefesselt,0.004
gefestigt,0.004
gefragt,0.004
geglückt,0.004
gehörig,0.004
Gehaltszulage,0.004
gehorsam,0.004
geil,0.004
Geldgeber,0.004
gemeinsam,0.004
Gemeinschaft,0.004
gemeinschaftlich,0.004
genau,0.004
Genauigkeit,0.004
genehm,0.004
genehmigen,0.004
Genehmigung,0.004
genesen,0.004
Genesung,0.004
Genialität,0.004
genießbar,0.004
Geräumigkeit,0.004
gerecht,0.004
gerechtfertigt,0.004
Gerechtigkeit,0.004
geschäftig,0.004
geschätzt,0.004
Geschick,0.004
Geschicklichkeit,0.004
geschickt,0.004
gesteigert,0.004
gestiegen,0.004
Gesundheit,0.004
Gesundung,0.004
getreu,0.004
gewährleisten,0.004
Gewährleistung,0.004
gewünscht,0.004
gewaltfrei,0.004
gewaltig,0.004
gewichtig,0.004
Gewinn,0.004
gewinnbringend,0.004
gewinnen,0.004
Gewinner,0.004
gewissenhaft,0.004
gezielt,0.004
Glückseligkeit,0.004
glühend,0.004
Glamour,0.004
glamourös,0.004
Glanz,0.004
glanzvoll,0.004
glasklar,0.004
Glaube,0.004
Glaubwürdigkeit,0.004
gleichstellen,0.004
Gleichstellung,0.004
gleichwertig,0.004
glorios,0.004
glorreich,0.004
gnädig,0.004
Gnade,0.004
golden,0.004
Größe,0.004
größtmöglich,0.004
gründlich,0.004
Gründlichkeit,0.004
gravierend,0.004
grenzenlos,0.004
Grenzenlosigkeit,0.004
großspurig,0.004
Großzügigigkeit,0.004
grundlegend,0.004
grundsätzlich,0.004
Gunst,0.004
gutgehend,0.004
höchstmöglich,0.004
höflich,0.004
Höflichkeit,0.004
Höhepunkt,0.004
hörenswert,0.004
Hammer,0.004
handfest,0.004
Harmonisierung,0.004
Hartnäckigkeit,0.004
hauptsächlich,0.004
heilen,0.004
Heiligtum,0.004
Heilung,0.004
Heirat,0.004
heiraten,0.004
Heiterkeit,0.004
Helligkeit,0.004
heraufsetzen,0.004
herausgehoben,0.004
herausragen,0.004
Herrlichkeit,0.004
herrschaftlich,0.004
herzig,0.004
herzlich,0.004
Highlight,0.004
Hilfe,0.004
Hilfsbereitschaft,0.004
hinausgehend,0.004
Hingabe,0.004
hinhauen,0.004
hinreichend,0.004
hinterlassen,0.004
hinzufügen,0.004
hinzunehmen,0.004
historisch,0.004
hoch,0.004
hochattraktiv,0.004
Hochdruckgebiet,0.004
hochgestellt,0.004
hochgradig,0.004
hochhalten,0.004
hochheben,0.004
hochkarätig,0.004
hochklassig,0.004
hochrangig,0.004
Hochruf,0.004
hochtreibend,0.004
Hochwertigkeit,0.004
hoffnungsfroh,0.004
human,0.004
humanitär,0.004
Humanität,0.004
Hurra,0.004
Hurrageschrei,0.004
idyllisch,0.004
illustre,0.004
immens,0.004
imponierend,0.004
imposant,0.004
inbrünstig,0.004
Individualität,0.004
individuell,0.004
ingeniös,0.004
Innovation,0.004
Inspiration,0.004
inspirieren,0.004
intakt,0.004
integer,0.004
Integrität,0.004
Intellekt,0.004
Intelligenz,0.004
intensiv,0.004
Interesse,0.004
Interessenvertretung,0.004
interessieren,0.004
interessiert,0.004
investieren,0.004
Investition,0.004
Jubiläum,0.004
künstlerisch,0.004
Kauf,0.004
kinderleicht,0.004
klären,0.004
klaglos,0.004
klar,0.004
Klarheit,0.004
klassisch,0.004
klimatisiert,0.004
knorke,0.004
kommod,0.004
Kommunikation,0.004
kommunikativ,0.004
kompatibel,0.004
Kompatibilität,0.004
Kompensation,0.004
kompensieren,0.004
Kompetenz,0.004
komplett,0.004
Kompromiss,0.004
konfliktfrei,0.004
kongenial,0.004
Konjunkturaufschwung,0.004
konkret,0.004
konkurrenzfähig,0.004
Konsens,0.004
konsequent,0.004
konsistent,0.004
Konsistenz,0.004
konsolidieren,0.004
Konsolidierung,0.004
Konstanz,0.004
Konsultation,0.004
konsultieren,0.004
kontinuierlich,0.004
Kontinuität,0.004
konzertiert,0.004
Kooperation,0.004
kooperativ,0.004
kooperieren,0.004
koordinieren,0.004
koordiniert,0.004
Koordinierung,0.004
korrekt,0.004
Korrektheit,0.004
Korrektur,0.004
Kostbarkeit,0.004
kostengünstig,0.004
kostenlos,0.004
Kraft,0.004
kulant,0.004
Kulanz,0.004
kunstreich,0.004
kunstvoll,0.004
kurieren,0.004
löblich,0.004
lösen,0.004
Lösung,0.004
lückenlos,0.004
Langlebigkeit,0.004
lautstark,0.004
lebensfähig,0.004
Lebensfähigkeit,0.004
legal,0.004
Legalität,0.004
legendär,0.004
legitim,0.004
Legitimität,0.004
leicht,0.004
Leidenschaft,0.004
Leistung,0.004
Leistungsfähigkeit,0.004
leistungsstark,0.004
leutselig,0.004
liberal,0.004
Liberalismus,0.004
lindern,0.004
Linderung,0.004
Lohn,0.004
lohnen,0.004
loyal,0.004
Loyalität,0.004
lukrativ,0.004
luxoriös,0.004
Luxus,0.004
möglich,0.004
Möglichkeit,0.004
mühelos,0.004
Macht,0.004
Magie,0.004
magisch,0.004
Majestät,0.004
massiv,0.004
maximal,0.004
maximieren,0.004
Maximum,0.004
meisterhaft,0.004
meisterlich,0.004
Meisterschaft,0.004
Meisterwerk,0.004
Menschenwürde,0.004
menschenwürdig,0.004
Menschlichkeit,0.004
messbar,0.004
Milde,0.004
Mitgefühl,0.004
mitmenschlich,0.004
mobil,0.004
mobilisieren,0.004
Mobilität,0.004
modernisieren,0.004
Modernisierung,0.004
Modernität,0.004
mondän,0.004
monumental,0.004
Moral,0.004
moralisch,0.004
Motivation,0.004
mustergültig,0.004
nähren,0.004
nützen,0.004
nachhaltig,0.004
Nachhaltigkeit,0.004
namhaft,0.004
nennenswert,0.004
neu,0.004
nutzbringend,0.004
Nutzen,0.004
Oase,0.004
offensichtlich,0.004
Optimalität,0.004
optimistisch,0.004
ordnungsgemäß,0.004
Ordnungsmäßigkeit,0.004
original,0.004
Originalität,0.004
Pünktlichkeit,0.004
packend,0.004
Pannenhilfe,0.004
Paradies,0.004
Partner,0.004
partnerschaftlich,0.004
Perfektion,0.004
Perfektionismus,0.004
Perfektionist,0.004
Pflege,0.004
planmäßig,0.004
planvoll,0.004
plausibel,0.004
Plausibilität,0.004
pompös,0.004
populär,0.004
positiv,0.004
Positivität,0.004
Potenz,0.004
Prächtigkeit,0.004
Präferenz,0.004
präzis,0.004
präzise,0.004
Präzision,0.004
Pracht,0.004
prachtvoll,0.004
Praktikabilität,0.004
preisgünstig,0.004
Premium,0.004
Prestige,0.004
Privileg,0.004
privilegiert,0.004
problemlos,0.004
produktiv,0.004
Produktivität,0.004
profiliert,0.004
Profit,0.004
profitabel,0.004
profitieren,0.004
Progression,0.004
progressiv,0.004
prominent,0.004
protzig,0.004
prunkvoll,0.004
puppig,0.004
Qualifikation,0.004
qualifizieren,0.004
qualifiziert,0.004
Qualität,0.004
Qualitätsverbesserung,0.004
qualitätsvoll,0.004
qualitativ,0.004
quicklebendig,0.004
Rückendeckung,0.004
Rückgrat,0.004
rückhaltlos,0.004
Rücksicht,0.004
rücksichtsvoll,0.004
rückversichern,0.004
Rückversicherung,0.004
rührig,0.004
raffiniert,0.004
Rat,0.004
rational,0.004
Recht,0.004
rechtfertigen,0.004
rechtlich,0.004
rechtmäßig,0.004
Rechtmäßigkeit,0.004
rechtsgültig,0.004
Rechtsgültigkeit,0.004
Rehabilitation,0.004
rehabilitieren,0.004
Reichtum,0.004
rein,0.004
Reinheit,0.004
reinigen,0.004
Reinigung,0.004
reizvoll,0.004
relevant,0.004
Relevanz,0.004
renommiert,0.004
renovieren,0.004
Renovierung,0.004
rentabel,0.004
Rentabilität,0.004
reparieren,0.004
repräsentativ,0.004
Respekt,0.004
respektabel,0.004
respektieren,0.004
respektvoll,0.004
retten,0.004
revanchieren,0.004
richtig,0.004
richtigstellen,0.004
riesengroß,0.004
Robustheit,0.004
rosarot,0.004
Ruhm,0.004
ruhmreich,0.004
sachgemäß,0.004
schaffen,0.004
Schenkung,0.004
schillern,0.004
schillernd,0.004
Schirmherr,0.004
Schirmherrschaft,0.004
schlagend,0.004
Schlauheit,0.004
schmücken,0.004
Schmuck,0.004
schmuck,0.004
Schnäppchen,0.004
Schnelligkeit,0.004
schuldlos,0.004
Schuldlosigkeit,0.004
Schutz,0.004
Schutzmaßnahmen,0.004
schwunghaft,0.004
selbstständig,0.004
Selbstständigkeit,0.004
Sensation,0.004
seriös,0.004
Seriösität,0.004
Sicherheit,0.004
sichern,0.004
sicherstellen,0.004
sichtbar,0.004
Siegeszug,0.004
simpel,0.004
Sinn,0.004
sinnvoll,0.004
solid,0.004
solidarisch,0.004
Solidarität,0.004
sonnendurchflutet,0.004
sorgenfrei,0.004
Sorgfältigkeit,0.004
sorglos,0.004
Sorglosigkeit,0.004
sorgsam,0.004
spürbar,0.004
sparen,0.004
Sparsamkeit,0.004
spektakel,0.004
Spende,0.004
spenden,0.004
Spezialität,0.004
speziell,0.004
spielend,0.004
Sprung,0.004
Stärke,0.004
stärken,0.004
störungsfrei,0.004
Stütze,0.004
stützen,0.004
stabilisieren,0.004
Stabilität,0.004
standhaft,0.004
Standhaftigkeit,0.004
stark,0.004
Stattlichkeit,0.004
staunen,0.004
steigen,0.004
steigend,0.004
steigern,0.004
Steigerung,0.004
Steigflug,0.004
stiften,0.004
Stifter,0.004
Stiftung,0.004
stilsicher,0.004
Stimulation,0.004
stimulieren,0.004
Subvention,0.004
subventionieren,0.004
Suchtfaktor,0.004
Superlativ,0.004
superschnell,0.004
Symbiose,0.004
Sympathie,0.004
sympathisieren,0.004
systematisch,0.004
tätig,0.004
tadelsfrei,0.004
tatkräftig,0.004
tauglich,0.004
tiefgreifend,0.004
Toleranz,0.004
tolerieren,0.004
toppen,0.004
trösten,0.004
Tradition,0.004
traditionell,0.004
traditionsreich,0.004
tragfähig,0.004
transparent,0.004
trefflich,0.004
Triumph,0.004
triumphal,0.004
triumphieren,0.004
Trophäe,0.004
ultimativ,0.004
Umbruch,0.004
umfangreich,0.004
umfassend,0.004
umjubelt,0.004
unabhängig,0.004
Unabhängigkeit,0.004
unangefochten,0.004
unantastbar,0.004
unaufholbar,0.004
unbedingt,0.004
unbegrenzt,0.004
unberührt,0.004
unbesiegbar,0.004
Unbesiegbarkeit,0.004
unbestreitbar,0.004
unbestritten,0.004
unbezahlbar,0.004
uneingeschränkt,0.004
uneinholbar,0.004
unermüdlich,0.004
unermeßlich,0.004
unermesslich,0.004
unerreicht,0.004
unerschrocken,0.004
Unerschrockenheit,0.004
unersetzlich,0.004
unfehlbar,0.004
Unfehlbarkeit,0.004
ungeahnt,0.004
ungebrochen,0.004
ungeteilt,0.004
ungezwungen,0.004
universell,0.004
unparteiisch,0.004
Unparteilichkeit,0.004
unschätzbar,0.004
unschlagbar,0.004
Unschuld,0.004
unschuldig,0.004
unsterblich,0.004
Unsterblichkeit,0.004
unternehmerisch,0.004
unterstützen,0.004
Unterstützung,0.004
untrennbar,0.004
unumschränkt,0.004
unumstritten,0.004
ununterbrochen,0.004
unverhofft,0.004
unverkrampft,0.004
unverwundbar,0.004
Unverwundbarkeit,0.004
unverzichtbar,0.004
Unverzichtbarkeit,0.004
Unwiderstehlichkeit,0.004
unzweifelhaft,0.004
Upgrade,0.004
upgraden,0.004
verantwortlich,0.004
Verantwortung,0.004
verantwortungsbewußt,0.004
verantwortungsvoll,0.004
Verbündete,0.004
Verband,0.004
verbessern,0.004
Verbesserung,0.004
verbinden,0.004
verbindlich,0.004
verblüffend,0.004
Verbund,0.004
Verbundenheit,0.004
Verdienst,0.004
veredeln,0.004
Veredelung,0.004
verehren,0.004
verehrt,0.004
Verehrung,0.004
vereidigen,0.004
Vereinbarung,0.004
vereinen,0.004
vereinfachen,0.004
Vereinfachung,0.004
Vereinigung,0.004
vererben,0.004
Vererbung,0.004
verführerisch,0.004
verfeinern,0.004
Verfeinerung,0.004
vergöttern,0.004
vergöttert,0.004
Vergötterung,0.004
vergeben,0.004
Vergebung,0.004
vergolden,0.004
vergrößern,0.004
Vergrößerung,0.004
verhandeln,0.004
Verhandelung,0.004
verheißungsvoll,0.004
veritabel,0.004
Verlöbnis,0.004
Verlobung,0.004
verlockend,0.004
vermachen,0.004
vermehrt,0.004
Vermittlung,0.004
Vernunft,0.004
versöhnen,0.004
versöhnlich,0.004
Versöhnung,0.004
verschönern,0.004
Verschönerung,0.004
versichern,0.004
Versicherung,0.004
versiert,0.004
Versprechen,0.004
Verständnis,0.004
verstärken,0.004
Verstärkung,0.004
Verstand,0.004
verteidigen,0.004
Verteidiger,0.004
Verteidigung,0.004
Vertrag,0.004
vertrauenerweckend,0.004
vertrauensvoll,0.004
vertrauenswürdig,0.004
Vertrauenswürdigkeit,0.004
vertraulich,0.004
Vertrauter,0.004
Vertrautheit,0.004
Verwendbarkeit,0.004
verwirklichen,0.004
Verwirklichung,0.004
verzückt,0.004
verzeihen,0.004
vielfältig,0.004
Vielseitigkeit,0.004
Vielzahl,0.004
Visionär,0.004
Vitalität,0.004
vollständig,0.004
Vollständigkeit,0.004
voranbringen,0.004
vorankommen,0.004
vorantreiben,0.004
vorbehaltlos,0.004
Vorbereitung,0.004
Vorsicht,0.004
Vorsorge,0.004
vorsorglich,0.004
Vorteil,0.004
vorteilhaft,0.004
vorzeigbar,0.004
Wärme,0.004
wärmstens,0.004
wünschenswert,0.004
würdevoll,0.004
Wachsamkeit,0.004
wachsend,0.004
Wachstum,0.004
wagen,0.004
wahren,0.004
Wahrheit,0.004
wegweisend,0.004
Weichheit,0.004
Weisheit,0.004
weitgehend,0.004
weiträumig,0.004
weitreichend,0.004
weitsichtig,0.004
Weitsichtigkeit,0.004
weltberühmt,0.004
Wert,0.004
wertig,0.004
wertschätzen,0.004
Wertschätzung,0.004
Wertsteigerung,0.004
Widerstandsfähigkeit,0.004
wiederaufleben,0.004
wiederbeleben,0.004
Wiederbelebung,0.004
wiedergewinnen,0.004
wiedergutmachen,0.004
Wiedergutmachung,0.004
wiederherstellen,0.004
Wiederherstellung,0.004
Wiederkehr,0.004
wiederkehren,0.004
wiedervereinigen,0.004
Wiedervereinigung,0.004
Wille,0.004
willenstark,0.004
willkommen,0.004
wirksam,0.004
Wirksamkeit,0.004
wirkungsvoll,0.004
wirtschaftlich,0.004
Wissen,0.004
Witz,0.004
Wohlergehen,0.004
Wohlgefallen,0.004
wohlgeordnet,0.004
Wohlstand,0.004
Wohltäter,0.004
wohltätig,0.004
Wohltätigkeit,0.004
Wohltat,0.004
Wohlwollen,0.004
wohlwollend,0.004
wundersam,0.004
wunschgemäß,0.004
zauberhaft,0.004
zeitsparend,0.004
Zenit,0.004
Ziel,0.004
zielgerichtet,0.004
zivilisiert,0.004
zufügen,0.004
zufließen,0.004
Zuflucht,0.004
zufriedenstellend,0.004
zugänglich,0.004
Zugänglichkeit,0.004
zugeben,0.004
zugreifen,0.004
zulässig,0.004
Zulässigkeit,0.004
Zulage,0.004
Zuneigung,0.004
zurückgewinnen,0.004
Zusammengehörigkeit,0.004
zuschießen,0.004
Zuschuß,0.004
zustimmen,0.004
Zustimmung,0.004
Zuverlässigkeit,0.004
nervös,-0.0042
ärgern,-0.0048
übellaunig,-0.0048
überflutet,-0.0048
überhöhen,-0.0048
überschreiten,-0.0048
überschwemmen,-0.0048
überwältigen,-0.0048
Abbruch,-0.0048
abdämpfen,-0.0048
Abdämpfung,-0.0048
abdanken,-0.0048
Abdankung,-0.0048
Abfall,-0.0048
abfallen,-0.0048
abgebrochen,-0.0048
abgetakelt,-0.0048
abhängig,-0.0048
ablaufen,-0.0048
Abnahme,-0.0048
Abneigung,-0.0048
Abnutzung,-0.0048
Abriss,-0.0048
abrupt,-0.0048
Abrutsch,-0.0048
abrutschen,-0.0048
abschätzig,-0.0048
abschaffen,-0.0048
abschießen,-0.0048
Abschreckung,-0.0048
Abschuß,-0.0048
abschwächen,-0.0048
absenken,-0.0048
Abspaltung,-0.0048
absperren,-0.0048
Absperrung,-0.0048
Abstoß,-0.0048
abstumpfen,-0.0048
Abstumpfung,-0.0048
Absurdität,-0.0048
abtragen,-0.0048
abweisen,-0.0048
Abweisung,-0.0048
Abzocke,-0.0048
achtlos,-0.0048
Achtlosigkeit,-0.0048
Agitation,-0.0048
Alarm,-0.0048
alarmieren,-0.0048
alkoholisiert,-0.0048
Alptraum,-0.0048
alt,-0.0048
Amateur,-0.0048
androhen,-0.0048
Androhung,-0.0048
Anfälligkeit,-0.0048
angetrunken,-0.0048
Angreifer,-0.0048
anklagen,-0.0048
anmaßen,-0.0048
Anmaßung,-0.0048
Annullierung,-0.0048
Anomalie,-0.0048
anschießen,-0.0048
Anspannung,-0.0048
anstößig,-0.0048
anstrengen,-0.0048
anstrengend,-0.0048
Anstrengung,-0.0048
Antipathie,-0.0048
antiquiert,-0.0048
Überfüllung,-0.0048
Überhöhung,-0.0048
Überlastung,-0.0048
Überschreitung,-0.0048
Überschwemmung,-0.0048
apokalyptisch,-0.0048
archaisch,-0.0048
attackieren,-0.0048
aufblähen,-0.0048
aufblasen,-0.0048
aufbringen,-0.0048
aufgebracht,-0.0048
aufgeregt,-0.0048
Aufhebung,-0.0048
Auflösung,-0.0048
aufregen,-0.0048
aufreibend,-0.0048
Aufruhr,-0.0048
Aufschrei,-0.0048
Aufstand,-0.0048
Ausbeuter,-0.0048
Ausbeutung,-0.0048
Ausbruch,-0.0048
auseinanderfallen,-0.0048
ausgehungert,-0.0048
ausgleiten,-0.0048
ausgrenzen,-0.0048
Auslöschung,-0.0048
ausradieren,-0.0048
ausrotten,-0.0048
Ausrottung,-0.0048
ausschalten,-0.0048
Ausschließung,-0.0048
Aussetzung,-0.0048
aussterben,-0.0048
Bösewicht,-0.0048
Banalität,-0.0048
Bankrott,-0.0048
Barriere,-0.0048
bedürftig,-0.0048
Bedürftige,-0.0048
bedauernswert,-0.0048
bedeppert,-0.0048
Bedeutungslosigkeit,-0.0048
bedrängen,-0.0048
Bedrängung,-0.0048
Bedrohung,-0.0048
Befall,-0.0048
Befangenheit,-0.0048
befremdlich,-0.0048
begrenzen,-0.0048
begrenzt,-0.0048
Begrenzung,-0.0048
begriffsstutzig,-0.0048
beklagenswert,-0.0048
bekloppt,-0.0048
belästigen,-0.0048
Belästigung,-0.0048
berauben,-0.0048
bergab,-0.0048
Beschädigung,-0.0048
beschäftigungslos,-0.0048
Beschäftigungslose,-0.0048
Beschäftigungsloser,-0.0048
beschämen,-0.0048
Beschämung,-0.0048
bescheuert,-0.0048
beschränken,-0.0048
beschränkt,-0.0048
beschruppt,-0.0048
Beschwerde,-0.0048
Beschwerlichkeit,-0.0048
beseitigen,-0.0048
Beseitigung,-0.0048
Besorgnis,-0.0048
bestürzt,-0.0048
Bestürzung,-0.0048
bestechen,-0.0048
Bestechung,-0.0048
besteuern,-0.0048
Besteuerung,-0.0048
Bestrafung,-0.0048
betäuben,-0.0048
Beule,-0.0048
bevormunden,-0.0048
Bevormundung,-0.0048
bewegungslos,-0.0048
Bitterkeit,-0.0048
Blödheit,-0.0048
Blindheit,-0.0048
Blockade,-0.0048
Blockierung,-0.0048
Bombardement,-0.0048
bombardieren,-0.0048
Bombardierung,-0.0048
Bombe,-0.0048
borniert,-0.0048
Brand,-0.0048
brennen,-0.0048
brisant,-0.0048
brutal,-0.0048
Brutalität,-0.0048
charakterschwach,-0.0048
Dämpfer,-0.0048
dürr,-0.0048
Dürre,-0.0048
Düsternis,-0.0048
dahinschwinden,-0.0048
Defekt,-0.0048
Deformation,-0.0048
deformieren,-0.0048
degradieren,-0.0048
deinstallieren,-0.0048
deinstalliert,-0.0048
Dekadenz,-0.0048
demütigen,-0.0048
Demütigung,-0.0048
denkfaul,-0.0048
Denkfehler,-0.0048
desinteressiert,-0.0048
desolat,-0.0048
dezimieren,-0.0048
Dezimierung,-0.0048
diffamieren,-0.0048
diffizil,-0.0048
Diktator,-0.0048
diktatorisch,-0.0048
dilettantisch,-0.0048
Diskriminierung,-0.0048
Dissens,-0.0048
distanziert,-0.0048
disziplinlos,-0.0048
dominieren,-0.0048
Dominierung,-0.0048
Doppeldeutigkeit,-0.0048
Doppelspiel,-0.0048
drängelnd,-0.0048
Dreck,-0.0048
Drift,-0.0048
driften,-0.0048
Drohung,-0.0048
drosseln,-0.0048
Dummkopf,-0.0048
Durcheinander,-0.0048
eigenartig,-0.0048
einbehalten,-0.0048
einbrechen,-0.0048
Einbrecher,-0.0048
Einbuße,-0.0048
eingehen,-0.0048
eingeschränkt,-0.0048
einschüchtern,-0.0048
einschüchternd,-0.0048
Einschüchterung,-0.0048
Einschlag,-0.0048
einschlagen,-0.0048
einschrumpfen,-0.0048
einstürzen,-0.0048
einstellen,-0.0048
Einsturz,-0.0048
ekelig,-0.0048
eklatant,-0.0048
elendig,-0.0048
empören,-0.0048
Empörung,-0.0048
Energielosigkeit,-0.0048
entbehrungsreich,-0.0048
entbinden,-0.0048
Entbindung,-0.0048
entführen,-0.0048
Entführung,-0.0048
entfremden,-0.0048
Entfremdung,-0.0048
entgleiten,-0.0048
enthaupten,-0.0048
Enthauptung,-0.0048
entkräftet,-0.0048
entlassen,-0.0048
Entlassung,-0.0048
entmutigen,-0.0048
Entmutigung,-0.0048
entnervt,-0.0048
entrüstet,-0.0048
entziehen,-0.0048
Entziehung,-0.0048
Epidemie,-0.0048
erbittert,-0.0048
erdrückend,-0.0048
ergaunern,-0.0048
ergebnislos,-0.0048
ermüden,-0.0048
Ermüdung,-0.0048
ermahnen,-0.0048
Ermahnung,-0.0048
ernüchternd,-0.0048
Ernüchterung,-0.0048
erniedrigen,-0.0048
erpressen,-0.0048
Erpressung,-0.0048
erschöpfen,-0.0048
erschüttern,-0.0048
erschüttert,-0.0048
Erschütterung,-0.0048
erschlaffen,-0.0048
ertrinken,-0.0048
erwürgen,-0.0048
existenzbedrohend,-0.0048
explodieren,-0.0048
Explosion,-0.0048
fälschen,-0.0048
fad,-0.0048
fadenscheinig,-0.0048
Fahrlässigkeit,-0.0048
farblos,-0.0048
Faschist,-0.0048
Fehde,-0.0048
Fehlanzeige,-0.0048
fehleranfällig,-0.0048
Fehlkauf,-0.0048
Fehlkonstruktion,-0.0048
Fehlleistung,-0.0048
Fehltritt,-0.0048
fesseln,-0.0048
feuern,-0.0048
Fiasko,-0.0048
Finte,-0.0048
flüchtend,-0.0048
flüchtig,-0.0048
Flüchtiger,-0.0048
Flüchtigkeit,-0.0048
Flüchtling,-0.0048
flach,-0.0048
flau,-0.0048
Flucht,-0.0048
folgenschwer,-0.0048
folgewidrig,-0.0048
frech,-0.0048
freudlos,-0.0048
fruchtlos,-0.0048
frustrierend,-0.0048
fuchsteufelswild,-0.0048
Gammler,-0.0048
gammlig,-0.0048
Garnichts,-0.0048
gebrechlich,-0.0048
gedankenlos,-0.0048
gedrängt,-0.0048
Gefährdung,-0.0048
gehandicapt,-0.0048
geisteskrank,-0.0048
Geisteskrankheit,-0.0048
geistlos,-0.0048
Geistlosigkeit,-0.0048
Geiz,-0.0048
Geizhals,-0.0048
Geizkragen,-0.0048
geringwertig,-0.0048
Geschäftsauflösung,-0.0048
Geschmacklosigkeit,-0.0048
Gestank,-0.0048
gewaltsam,-0.0048
Gewalttätige,-0.0048
Gewalttätiger,-0.0048
Glücklosigkeit,-0.0048
Glanzlosigkeit,-0.0048
Gnadenlosigkeit,-0.0048
grauen,-0.0048
grenzdebil,-0.0048
groggy,-0.0048
Groteske,-0.0048
grottenübel,-0.0048
gruselig,-0.0048
Haft,-0.0048
halbfertig,-0.0048
harsch,-0.0048
heikel,-0.0048
heillos,-0.0048
Heimsuchung,-0.0048
Hektik,-0.0048
Hemmung,-0.0048
herausfordern,-0.0048
Herausforderung,-0.0048
herunter,-0.0048
heruntermachen,-0.0048
Heuchelei,-0.0048
heucheln,-0.0048
Hindernis,-0.0048
Hinterhalt,-0.0048
Hinterlist,-0.0048
Hohn,-0.0048
Hungertod,-0.0048
hungrig,-0.0048
Idiot,-0.0048
idiotisch,-0.0048
Illegalität,-0.0048
illoyal,-0.0048
immobil,-0.0048
Immobilität,-0.0048
Ineffizienz,-0.0048
Infiltration,-0.0048
infiltrieren,-0.0048
Inkompetenz,-0.0048
inkonsistent,-0.0048
intervenieren,-0.0048
Invasion,-0.0048
irre,-0.0048
irrsinnig,-0.0048
Jähzorn,-0.0048
Kälte,-0.0048
Kündigung,-0.0048
kaltherzig,-0.0048
Kapitalverbrechen,-0.0048
Kapitulation,-0.0048
kapitulieren,-0.0048
Keim,-0.0048
keimig,-0.0048
kentern,-0.0048
Klage,-0.0048
Knappheit,-0.0048
knurrig,-0.0048
kollabieren,-0.0048
Kollaps,-0.0048
kollidieren,-0.0048
Komplikation,-0.0048
Konflikt,-0.0048
Konfrontation,-0.0048
konfrontieren,-0.0048
Konjunkturrückgang,-0.0048
konkurrieren,-0.0048
Konkurs,-0.0048
kostenintensiv,-0.0048
kostspielig,-0.0048
Kostspieligkeit,-0.0048
kränkeln,-0.0048
kränken,-0.0048
Kränkung,-0.0048
Krach,-0.0048
krachen,-0.0048
kranken,-0.0048
kriechen,-0.0048
kriegerisch,-0.0048
Kriminalität,-0.0048
krude,-0.0048
Kurseinbruch,-0.0048
kurz,-0.0048
lähmen,-0.0048
Lähmung,-0.0048
läppisch,-0.0048
Löschung,-0.0048
lakonisch,-0.0048
langatmig,-0.0048
lasch,-0.0048
Last,-0.0048
Launenhaftigkeit,-0.0048
lebensfeindlich,-0.0048
lebensgefährlich,-0.0048
Lebensgefahr,-0.0048
Leblosigkeit,-0.0048
Leere,-0.0048
leichtgläubig,-0.0048
leichtsinnig,-0.0048
Leidende,-0.0048
leistungsunfähig,-0.0048
Liquidation,-0.0048
liquidieren,-0.0048
loswerden,-0.0048
müde,-0.0048
Mühe,-0.0048
Maßlosigkeit,-0.0048
mager,-0.0048
magern,-0.0048
makelhaft,-0.0048
mangelbehaftet,-0.0048
mangeln,-0.0048
manipulieren,-0.0048
Massaker,-0.0048
matt,-0.0048
melancholisch,-0.0048
Melodrama,-0.0048
melodramatisch,-0.0048
Merkwürdigkeit,-0.0048
mies,-0.0048
miesepetrig,-0.0048
Minderung,-0.0048
missachten,-0.0048
Missachtung,-0.0048
Missbrauch,-0.0048
missbrauchen,-0.0048
missfallen,-0.0048
Missglück,-0.0048
missglücken,-0.0048
misslingen,-0.0048
missraten,-0.0048
Misstrauensantrag,-0.0048
mittellos,-0.0048
Mittellosigkeit,-0.0048
Mittelmäßigkeit,-0.0048
Monotonie,-0.0048
morbid,-0.0048
morden,-0.0048
mutlos,-0.0048
Mutlosigkeit,-0.0048
nötigen,-0.0048
Nötigung,-0.0048
Nachlässigkeit,-0.0048
nachlassen,-0.0048
Naivität,-0.0048
neidisch,-0.0048
nervig,-0.0048
Niedergang,-0.0048
Niedergeschlagenheit,-0.0048
niedergleitend,-0.0048
Notstand,-0.0048
Nutzlosigkeit,-0.0048
Offensive,-0.0048
ominös,-0.0048
panisch,-0.0048
peinlich,-0.0048
pflichtwidrig,-0.0048
pikiert,-0.0048
Preissturz,-0.0048
profan,-0.0048
protestieren,-0.0048
provisorisch,-0.0048
Provisorium,-0.0048
Provokation,-0.0048
qualvoll,-0.0048
Rätselraten,-0.0048
Rückfall,-0.0048
Rückschritt,-0.0048
Rücksichtslosigkeit,-0.0048
rückständig,-0.0048
Rückständigkeit,-0.0048
Rücktritt,-0.0048
rüde,-0.0048
rammen,-0.0048
ramponieren,-0.0048
rasend,-0.0048
Ratlosigkeit,-0.0048
Raub,-0.0048
Rebellen,-0.0048
Rebellion,-0.0048
rechthaberisch,-0.0048
Redundanz,-0.0048
reduzieren,-0.0048
Reinfall,-0.0048
Reklamation,-0.0048
renitent,-0.0048
repetiv,-0.0048
Revolte,-0.0048
Revolution,-0.0048
Rivalität,-0.0048
Rost,-0.0048
rosten,-0.0048
Ruin,-0.0048
ruinös,-0.0048
ruppig,-0.0048
Rutsch,-0.0048
rutschen,-0.0048
Sabotage,-0.0048
sabotieren,-0.0048
sauer,-0.0048
Schädigung,-0.0048
schade,-0.0048
Schadensbild,-0.0048
schadhaft,-0.0048
schal,-0.0048
Schande,-0.0048
schauerlich,-0.0048
schaurig,-0.0048
Schelte,-0.0048
Scheußlichkeit,-0.0048
scheusslich,-0.0048
schimpfend,-0.0048
Schlägerei,-0.0048
Schlachtfeld,-0.0048
Schlag,-0.0048
Schlamperei,-0.0048
schlapp,-0.0048
schleppend,-0.0048
Schlitterbahn,-0.0048
schlotterig,-0.0048
schlottern,-0.0048
Schmerz,-0.0048
schmerzerfüllt,-0.0048
Schmuggel,-0.0048
schmuggeln,-0.0048
Schock,-0.0048
Schräglauf,-0.0048
Schramme,-0.0048
schrumpfen,-0.0048
Schubs,-0.0048
schuftig,-0.0048
schulden,-0.0048
Schuldner,-0.0048
Schuldnerin,-0.0048
schwer,-0.0048
schwerfällig,-0.0048
schwerwiegend,-0.0048
schwinden,-0.0048
Schwund,-0.0048
seltsam,-0.0048
Sinnlosigkeit,-0.0048
Skandal,-0.0048
skandalös,-0.0048
Sklavenarbeit,-0.0048
sorgenschwer,-0.0048
sprengen,-0.0048
Sprengstoff,-0.0048
Sprengung,-0.0048
stümperhaft,-0.0048
stürmisch,-0.0048
Stagnation,-0.0048
stagnieren,-0.0048
starr,-0.0048
statisch,-0.0048
Steuerhinterziehung,-0.0048
stilllegen,-0.0048
Stilllegung,-0.0048
Stillstand,-0.0048
stillstehen,-0.0048
Stoß,-0.0048
stocken,-0.0048
stornieren,-0.0048
Stornierung,-0.0048
Strafverfahren,-0.0048
Strapaze,-0.0048
Streß,-0.0048
Streik,-0.0048
Strenge,-0.0048
Stress,-0.0048
stumpfsinnig,-0.0048
stupide,-0.0048
suboptimal,-0.0048
Tabu,-0.0048
tadel,-0.0048
tadelnswert,-0.0048
tatenlos,-0.0048
Terror,-0.0048
terrorisieren,-0.0048
Teuerungsrate,-0.0048
Todesfall,-0.0048
Todesstrafe,-0.0048
Torheit,-0.0048
totalitär,-0.0048
Totschlag,-0.0048
trüb,-0.0048
Tragödie,-0.0048
Trauer,-0.0048
Trauma,-0.0048
traumatisch,-0.0048
traumatisieren,-0.0048
Trostlosigkeit,-0.0048
Trott,-0.0048
trottelig,-0.0048
trotten,-0.0048
trotzen,-0.0048
Trugschluß,-0.0048
Turbolenz,-0.0048
Turbolenzen,-0.0048
turbulent,-0.0048
tyrannisch,-0.0048
umgetauscht,-0.0048
umstritten,-0.0048
umtauschen,-0.0048
umweltschädlich,-0.0048
unaufgefordert,-0.0048
unaufhörlich,-0.0048
unbefugt,-0.0048
Unbehaglichkeit,-0.0048
Unbeliebtheit,-0.0048
Unbequemlichkeit,-0.0048
unbotmäßig,-0.0048
Undankbarkeit,-0.0048
undiplomatisch,-0.0048
undiszipliniert,-0.0048
undurchführbar,-0.0048
Unehrlichkeit,-0.0048
uneinig,-0.0048
uneinsichtig,-0.0048
Unerbittlichkeit,-0.0048
unerklärlich,-0.0048
unerlaubt,-0.0048
unerquicklich,-0.0048
Unerträglichkeit,-0.0048
unerwiesen,-0.0048
Unfall,-0.0048
unfein,-0.0048
ungeübt,-0.0048
ungebührlich,-0.0048
ungebeten,-0.0048
ungedeckt,-0.0048
ungeheuer,-0.0048
ungeheuerlich,-0.0048
ungehobelt,-0.0048
Ungehorsamkeit,-0.0048
Ungenauigkeit,-0.0048
ungeordnet,-0.0048
ungeschminkt,-0.0048
ungesetzlich,-0.0048
Unglaubwürdigkeit,-0.0048
ungleich,-0.0048
Ungleichheit,-0.0048
unhöflich,-0.0048
Unhöflichkeit,-0.0048
unheilbar,-0.0048
Unheilbarkeit,-0.0048
unheilvoll,-0.0048
uninformiert,-0.0048
Unklarheit,-0.0048
unlauter,-0.0048
unliebsam,-0.0048
Unmenschlichkeit,-0.0048
unpopulär,-0.0048
unrühmlich,-0.0048
unregelmäßig,-0.0048
Unregelmäßigkeit,-0.0048
unrentabel,-0.0048
Unrentabilität,-0.0048
unselig,-0.0048
unsittlich,-0.0048
unsolidarisch,-0.0048
unsolide,-0.0048
unstetig,-0.0048
Unstimmigkeit,-0.0048
unterbrechen,-0.0048
Unterbrechung,-0.0048
Unterdrückung,-0.0048
untergehen,-0.0048
untergraben,-0.0048
Unterlassung,-0.0048
unterliegen,-0.0048
unvereinbar,-0.0048
Unvereinbarkeit,-0.0048
unverhältnismäßig,-0.0048
Unverhältnismäßigkeit,-0.0048
unverlangt,-0.0048
unvermeidlich,-0.0048
Unverschämtheit,-0.0048
Unvollkommenheit,-0.0048
Unvollständigkeit,-0.0048
unwirksam,-0.0048
Unwirksamkeit,-0.0048
unwirtlich,-0.0048
unwirtschaftlich,-0.0048
Unwirtschaftlichkeit,-0.0048
unzüchtig,-0.0048
Unzumutbarkeit,-0.0048
unzurechnungsfähig,-0.0048
unzusammenhängend,-0.0048
Unzuverlässigkeit,-0.0048
Vagheit,-0.0048
verabscheuungswürdig,-0.0048
verachten,-0.0048
verarschen,-0.0048
verbannen,-0.0048
Verbannung,-0.0048
verblassen,-0.0048
Verbot,-0.0048
Verdächtige,-0.0048
verderben,-0.0048
Verdorbenheit,-0.0048
Verdrängung,-0.0048
verdrießlich,-0.0048
verdunkeln,-0.0048
vereiteln,-0.0048
Verfall,-0.0048
verfassungswidrig,-0.0048
Verfehlung,-0.0048
vergammelt,-0.0048
vergeblich,-0.0048
vergelten,-0.0048
Vergeltungsmaßnahme,-0.0048
Vergeudung,-0.0048
vergewaltigen,-0.0048
Verhängnis,-0.0048
verhöhnen,-0.0048
verhasst,-0.0048
verheeren,-0.0048
verherrlichen,-0.0048
Verherrlichung,-0.0048
verkehrswidrig,-0.0048
verkleinern,-0.0048
Verkleinerung,-0.0048
verkrüppeln,-0.0048
verlangsamen,-0.0048
Verlangsamung,-0.0048
verletzbar,-0.0048
Vermeidung,-0.0048
vermindern,-0.0048
Verminderung,-0.0048
vernichtend,-0.0048
Verrücktheit,-0.0048
Verrat,-0.0048
Versäumnis,-0.0048
verschimmelt,-0.0048
verschlechtern,-0.0048
verschleppen,-0.0048
verschleudern,-0.0048
verschmutzen,-0.0048
verschwenderisch,-0.0048
Verschwendung,-0.0048
versenken,-0.0048
Versenkung,-0.0048
versklavt,-0.0048
Versklavung,-0.0048
verspielen,-0.0048
verstimmen,-0.0048
Verstoß,-0.0048
verstopfen,-0.0048
verstricken,-0.0048
Verstrickung,-0.0048
Vertreibung,-0.0048
Verurteilung,-0.0048
verwüsten,-0.0048
Verwüstung,-0.0048
verwelken,-0.0048
verwickeln,-0.0048
verworren,-0.0048
Verwundung,-0.0048
Verzögerung,-0.0048
verzerren,-0.0048
Verzerrung,-0.0048
verzichten,-0.0048
verzweifeln,-0.0048
Verzweiflung,-0.0048
volltrunken,-0.0048
Vorwand,-0.0048
würgen,-0.0048
Wüste,-0.0048
wüten,-0.0048
wackelig,-0.0048
wackeln,-0.0048
Wahnsinn,-0.0048
wahnsinnig,-0.0048
wankelmütig,-0.0048
wegfallen,-0.0048
wehklagend,-0.0048
Wertlosigkeit,-0.0048
Wertverlust,-0.0048
wettbewerbswidrig,-0.0048
Wichtigtuer,-0.0048
wichtigtun,-0.0048
Widernatürlichkeit,-0.0048
Widerruf,-0.0048
widerrufen,-0.0048
widerwärtig,-0.0048
widrig,-0.0048
Widrigkeit,-0.0048
wirkungslos,-0.0048
Wirtschaftskrise,-0.0048
Wrack,-0.0048
wutschäumend,-0.0048
zögern,-0.0048
züchtigen,-0.0048
zahlungsunfähig,-0.0048
Zahlungsunfähigkeit,-0.0048
zappeln,-0.0048
zaudern,-0.0048
zerfressen,-0.0048
zerren,-0.0048
Zerrung,-0.0048
zerschlagen,-0.0048
Zerschlagung,-0.0048
zerschmettern,-0.0048
zerschunden,-0.0048
zersetzen,-0.0048
zersetzend,-0.0048
zerstreuen,-0.0048
Ziellosigkeit,-0.0048
zittern,-0.0048
Zoll,-0.0048
zurückgehen,-0.0048
zurückhalten,-0.0048
Zusammenbruch,-0.0048
zusammenhanglos,-0.0048
zusammenrechen,-0.0048
zusammenstoßen,-0.0048
Zwangslage,-0.0048
Zwangsmaßnahmen,-0.0048
zwecklos,-0.0048
Zweifel,-0.0048
zwiespältig,-0.0048
zwieträchtig,-0.0048
Zwietracht,-0.0048
ordentlich,0.0073
schön,0.0081
Freund,0.0116
kalt,-0.012
lachen,0.0135
aufhören,-0.0142
dreckig,-0.016
langsam,-0.0167
düster,-0.0187
dunkel,-0.0214
scheisse,-0.0226
langweilig,-0.0228
genervt,-0.0237
unbequem,-0.0237
schrecklich,-0.0242
ungewohnt,-0.0243
schwierig,-0.0245
leer,-0.025
aufrühren,-0.0256
happig,-0.0256
rauh,-0.0286
abnehmen,-0.0292
streiten,-0.0302
schlagen,-0.0306
meckern,-0.031
ungemütlich,-0.0313
verbeulen,-0.0327
verrückt,-0.0337
gammelig,-0.0344
unerwartet,-0.0349
faul,-0.035
haarig,-0.0351
beknackt,-0.0358
einsinken,-0.0366
lädiert,-0.0366
beängstigend,-0.0367
abgestanden,-0.0368
ruchlos,-0.037
heimzahlen,-0.0371
Leichtsinnsfehler,-0.0371
übertreiben,-0.0372
frustrieren,-0.0372
klobig,-0.0373
verfehlen,-0.0373
behämmert,-0.0376
nervenaufreibend,-0.0376
erschöpft,-0.0377
Langeweile,-0.0377
eintönig,-0.0378
spröde,-0.038
altmodisch,-0.0382
kompliziert,-0.0384
mörderisch,-0.0384
Aufregung,-0.0386
ruckeln,-0.0387
isolieren,-0.0388
ausgestorben,-0.0389
grässlich,-0.0395
zusammenschlagen,-0.0395
hektisch,-0.0396
schocken,-0.0396
abgleiten,-0.0397
aufwühlen,-0.0398
aufschlagen,-0.04
Qual,-0.0402
rabiat,-0.0402
verzwickt,-0.0403
ungeduldig,-0.0405
dusselig,-0.0409
launisch,-0.0409
dämpfen,-0.0411
gammeln,-0.0411
auflösen,-0.0412
frivol,-0.0412
beschweren,-0.0413
ekelerregend,-0.0413
Flaute,-0.0413
angestrengt,-0.0415
abnutzen,-0.0417
fremdartig,-0.0419
ablenken,-0.042
schäbig,-0.0421
fragil,-0.0422
Übertreibung,-0.0424
trist,-0.0424
enttäuschend,-0.0425
garstig,-0.0425
chaotisch,-0.0426
Handicap,-0.0426
herrisch,-0.0426
krumm,-0.0426
unterbelichtet,-0.0426
schmerzvoll,-0.0428
aufschreien,-0.043
merkwürdig,-0.0431
Ablenkung,-0.0435
Bedrückung,-0.0435
geblitzt,-0.0435
stottern,-0.0435
niederschmetternd,-0.0436
Stau,-0.0438
streiken,-0.044
unanständig,-0.0441
Langweiler,-0.0443
närrisch,-0.0443
anspannen,-0.0444
blauäugig,-0.0445
Feuer,-0.0445
Härte,-0.0446
Verrückter,-0.0447
unerfreulich,-0.0453
Inkonsequenz,-0.0455
Traurigkeit,-0.0457
Konkurrenz,-0.0461
angreifen,-0.0464
hysterisch,-0.0465
trostlos,-0.0467
Notfall,-0.0468
erschütternd,-0.0472
kahl,-0.0472
Missgeschick,-0.0472
schlaff,-0.0472
verwirren,-0.0474
unpersönlich,-0.0476
dämlich,-0.048
besorgt,-0.0482
riskant,-0.0482
Schwierigkeit,-0.0483
bizarr,-0.0486
verletzlich,-0.0487
abschreckend,-0.049
leblos,-0.049
verharmlosen,-0.049
beschwerlich,-0.0491
blutig,-0.0491
bedrückt,-0.0494
Konkurrenzkampf,-0.0494
verschwenden,-0.0494
murren,-0.0496
verirren,-0.0498
Rechtswidrigkeit,-0.0499
unübersichtlich,-0.0501
Rivale,-0.0502
jammern,-0.0504
Neustart,-0.0504
prügeln,-0.0507
Horror,-0.0509
unbedacht,-0.051
langweilen,-0.0512
schwindlig,-0.0512
finster,-0.0515
schmerzlich,-0.0516
verdecken,-0.0516
elend,-0.0519
zerbrechen,-0.0522
Bürde,-0.0524
höhnisch,-0.0525
welken,-0.0531
Habgier,-0.0532
monoton,-0.0533
unterwürfig,-0.0533
Schrott,-0.0534
Unbestimmtheit,-0.0537
Sterben,-0.0539
hassen,-0.054
Schmutz,-0.0542
erschreckend,-0.0544
rückläufig,-0.0544
Senkung,-0.0545
bedauerlich,-0.0551
unruhig,-0.0551
Tristesse,-0.0555
scheiden,-0.0557
verängstigt,-0.056
Träne,-0.0562
hungern,-0.0565
mindern,-0.057
Gedränge,-0.0571
bedauern,-0.0574
fraglich,-0.0576
überwältigt,0.0578
abbauen,-0.0578
Abbau,-0.058
Abschaffung,-0.058
auseinandersetzen,-0.0584
enttäuschen,-0.0586
Erschöpfung,-0.0595
senken,-0.0596
Auseinandersetzung,-0.0603
beenden,-0.0603
Disziplin,0.0611
ehren,0.0612
zurückgeben,-0.0619
Rückstand,-0.063
gratulieren,0.065
Jubel,0.0652
faszinieren,0.0663
Erosion,-0.0666
naiv,-0.0675
Romantik,0.0688
Genie,0.0697
Tod,-0.0697
vermitteln,0.0699
Genuss,0.0701
Trost,0.0706
Rettung,0.0707
Angebot,0.0711
souverän,0.0711
Comeback,0.0712
bereichern,0.0718
Gelassenheit,0.0721
Zwang,-0.0721
heilig,0.0727
Zuversicht,0.0727
Genuß,0.073
majestätisch,0.073
kultiviert,0.0731
Ehre,0.0732
ermutigend,0.0735
Wunder,0.0741
barmherzig,0.0744
praktikabel,0.0744
Gabe,0.0747
Phantasie,0.075
malerisch,0.0753
unübertroffen,0.0753
rosig,0.0755
Sauberkeit,0.0755
ausgeflippt,0.0756
jubeln,0.0756
hingeben,0.0762
erstrebenswert,0.0765
Kreativität,0.0768
geruhsam,0.0769
kostbar,0.0777
Partnerschaft,0.0779
unübertrefflich,0.078
unkompliziert,0.0782
anerkannt,0.0785
inspirierend,0.0786
chic,0.0787
reizend,0.0787
Geduld,0.0789
kompetent,0.0789
Harmonie,0.0795
hundertprozentig,0.0796
Stolz,0.0797
anpassungsfähig,0.0799
komfortabel,0.08
phänomenal,0.08
würdig,0.0801
Entschluß,0.0804
fesch,0.0806
reif,0.0807
bestens,0.0808
befriedigen,0.0809
berauschend,0.0809
kollegial,0.0809
schlüssig,0.0809
Belohnung,0.0813
nachahmenswert,0.0818
leuchtend,0.0821
lobenswert,0.0821
bewundernswert,0.0823
harmonisieren,0.0828
Förderung,0.0829
Feier,0.0829
gediegen,0.0831
unvergleichbar,0.0833
zusammenhalten,0.0834
luxuriös,0.0835
Optimist,0.0836
bombig,0.0837
zweifellos,0.0839
hinreißend,0.0841
Augenweide,0.0844
entzückend,0.0844
aufblühen,0.0845
süchtig,0.0845
umsichtig,0.0846
hochwertig,0.0849
vielversprechend,0.0849
Fitness,0.0851
Bescheidenheit,0.0852
bestätigen,0.0854
dankbar,0.0854
gastfreundlich,0.0854
verlässlich,0.0854
Anerkennung,0.0855
Kur,0.0859
verwendbar,0.0859
zukunftsweisend,0.0859
pünktlich,0.086
sensationell,0.086
umsorgen,0.0863
potent,0.0864
Erholung,0.0865
heranwachsen,0.0867
engagiert,0.0869
konstant,0.087
Applaus,0.0871
Liebling,0.0873
Entspannung,0.0875
stattlich,0.0876
widerstandsfähig,0.0877
flink,0.0878
fruchtbar,0.0878
vorsorgen,0.0878
Optimismus,0.0882
Zugabe,0.0882
wohlbehalten,0.0883
Erfolgserlebnis,0.0884
wohnlich,0.0885
Ausdauer,0.0886
greifbar,0.0886
reifen,0.0886
wachsam,0.0891
Fähigkeit,0.0892
belohnen,0.0893
glaubwürdig,0.0893
Zusammenarbeit,0.0893
konstruktiv,0.0894
enorm,0.0898
überdurchschnittlich,0.09
prall,0.09
sagenhaft,0.0907
sparsam,0.0907
friedvoll,0.0908
integrieren,0.0908
aktiv,0.0911
Nähe,0.0911
Freundlichkeit,0.0913
mitfühlen,0.0922
zulegen,0.0922
friedlich,0.0924
spektakulär,0.0925
hilfreich,0.0926
erfahren,0.0927
empfehlenswert,0.093
ansehnlich,0.0931
geordnet,0.0936
logisch,0.0936
ideal,0.0937
vollkommen,0.0945
günstig,0.0946
lebendig,0.0947
sehenswert,0.0947
einwandfrei,0.0949
bescheiden,0.0956
verstehen,0.0957
vielseitig,0.0957
vorwärts,0.0961
unvergleichlich,0.0967
robust,0.0968
spaßig,0.0969
effektiv,0.0971
geeignet,0.0974
knuffig,0.0974
anständig,0.0977
verständlich,0.0978
sensibel,0.098
Liebe,0.0985
ausgeglichen,0.0987
niedlich,0.0987
verdienen,0.0989
eignen,0.1006
geräumig,0.1008
stabil,0.1016
genügend,0.1019
treffend,0.1023
praktisch,0.1026
vorbereiten,0.1036
Laune,0.1085
Schatz,0.1096
glatt,0.1099
lieb,0.1131
tierisch,0.1135
außerordentlich,0.1137
glücklich,0.115
unbeschreiblich,0.1156
schnell,0.1169
schätzen,0.1175
gewachsen,0.1201
passend,0.1201
ehrlich,0.1212
intelligent,0.1238
reich,0.1247
traurig,-0.1266
froh,0.1364
nerven,-0.1374
nett,0.1405
hart,-0.1483
kaputt,-0.1513
gesund,0.1554
doof,-0.1562
blöd,-0.1593
leiden,-0.1596
krass,-0.1603
einsam,-0.1634
stinken,-0.1634
weinen,-0.1651
teuflisch,-0.1677
tot,-0.1683
schlimm,-0.1705
rebellisch,-0.1706
kacke,-0.171
ordnungswidrig,-0.171
verrucht,-0.1714
abgründig,-0.1719
betrunken,-0.172
mist,-0.1723
Leichtigkeit,0.1725
zweitklassig,-0.1725
Mist,-0.1732
seicht,-0.1742
lästig,-0.1751
verdorben,-0.1755
schubsen,-0.1756
dekadent,-0.1769
grausig,-0.1777
furchterregend,-0.1778
schädigend,-0.1779
abschrecken,-0.178
nörgeln,-0.1789
widerspenstig,-0.1789
ungesund,-0.1793
Affäre,-0.1794
oberflächlich,-0.1794
abstoßen,-0.1796
durchfallen,-0.1801
Komfort,0.1808
erschrecken,-0.1812
Makel,-0.1813
armselig,-0.1814
kippen,-0.1814
skrupellos,-0.1814
ausbrechen,-0.1819
heftig,-0.1819
gehässig,-0.1821
verärgern,-0.1825
entschwinden,-0.1827
brilliant,0.183
aussichtslos,-0.183
zurückbleiben,-0.1831
Nervosität,-0.1833
scheußlich,-0.1834
unsäglich,-0.1834
vergeuden,-0.1836
stur,-0.1837
vergnügen,0.1838
scheiss,-0.1838
abgedroschen,-0.1839
grauenhaft,-0.184
wirr,-0.1841
grandios,0.1843
übermäßig,-0.1844
inkonsequent,-0.1844
geärgert,-0.1846
abschreiben,-0.1847
tragisch,-0.1847
hoffnungsvoll,0.1853
zornig,-0.1853
einfältig,-0.1858
Melancholie,-0.1859
rausgeschmissen,-0.1863
planlos,-0.1869
mittelmäßig,-0.1871
niederschlagen,-0.1871
schmeichelnd,0.1874
unwiderstehlich,0.1874
trügerisch,-0.1874
lohnend,0.1875
anfällig,-0.1884
authentisch,0.1885
Crash,-0.1885
Trübsal,-0.189
neutralisieren,-0.1892
Ausbeute,-0.1894
Sturheit,-0.1894
Unfähigkeit,-0.1896
Arschloch,-0.1901
Panne,-0.1901
danken,0.191
mau,-0.1914
hartnäckig,-0.1916
warmherzig,0.1921
Überschuß,-0.1924
quälen,-0.1929
schockierend,-0.1933
unkritisch,-0.1934
markant,0.1935
Abschwächung,-0.1935
zweifeln,-0.1935
destruktiv,-0.1936
Trägheit,-0.1937
Schreck,-0.194
Abwärtstrend,-0.1941
exotisch,0.1944
trauern,-0.1945
Zusammenhalt,0.1947
verzweifelt,-0.1947
fabelhaft,0.1952
hemmen,-0.1953
zielstrebig,0.1955
wärmen,0.1956
dufte,0.1958
Aggressivität,-0.1958
agil,0.1959
Dieb,-0.1962
reibungslos,0.1965
maßlos,-0.1965
weitläufig,0.1966
erstklassig,0.1967
Intervention,-0.1975
stürzen,-0.1975
blind,-0.1978
tolerant,0.1984
skeptisch,-0.1985
adrett,0.1987
leidenschaftlich,0.1988
kritisch,-0.199
goldig,0.1991
umwerfend,0.1991
Kopfschmerzen,-0.1993
Müdigkeit,-0.1995
makellos,0.2
spielerisch,0.2
liebenswürdig,0.2001
miserabel,-0.2004
behaglich,0.2007
heilsam,0.2007
unglaubwürdig,-0.2007
üppig,0.201
wohlhabend,0.201
Unruhe,-0.201
Übergewicht,-0.2011
heiter,0.2013
Elend,-0.2013
kümmern,0.2016
famos,0.2018
Treue,0.2019
festlich,0.2021
funktionierend,0.2022
Verzicht,-0.2022
Scheidung,-0.2023
handlich,0.2025
langlebig,0.2026
blühen,0.2028
einfallsreich,0.2031
knapp,-0.2036
ästhetisch,0.2038
Hoffnung,0.2038
Armut,-0.2038
schenken,0.204
widersprüchlich,-0.2043
Einschränkung,-0.2048
dauerhaft,0.205
zuverlässig,0.2052
bombastisch,0.2053
würdigen,0.2056
Freundschaft,0.2059
Infektion,-0.2059
ausgewogen,0.206
sinken,-0.2064
paradiesisch,0.2068
ergänzen,0.2074
ehrgeizig,0.2076
großzügig,0.2077
liebenswert,0.2077
glänzend,0.2082
knuddelig,0.2086
verraten,-0.2087
himmlisch,0.2088
Ende,-0.2088
realistisch,0.2089
reichhaltig,0.209
strahlen,0.2092
lässig,0.2095
Rückgang,-0.2096
aufgeben,-0.2098
weiterempfehlen,0.2101
schließen,-0.211
erfreuen,0.2112
spitze,0.2112
wohltuend,0.2113
elegant,0.2115
geschmackvoll,0.2116
sorgfältig,0.2119
absurd,-0.212
Angriff,-0.212
vital,0.2122
beeindrucken,0.2126
umgänglich,0.2129
durchdacht,0.2131
duften,0.2132
beruhigend,0.2133
lebhaft,0.2146
Duft,0.2149
befriedigend,0.2152
fallen,-0.2153
genial,0.2156
Engagement,0.2157
attraktiv,0.2162
optimal,0.2162
Ausfall,-0.2164
gedeihen,0.2166
schmackhaft,0.217
beliebt,0.2172
WAHR,0.2176
zuversichtlich,0.2179
strahlend,0.218
sorgen,0.2186
Not,-0.2187
erholsam,0.2188
erfolgreich,0.2193
Glückwunsch,0.2193
erfreulich,0.2197
freuen,0.2198
Zufriedenheit,0.2207
kraftvoll,0.2214
anspruchsvoll,0.2216
Flair,0.2216
heben,0.2219
erfrischend,0.2227
flüssig,0.2229
edel,0.2235
clever,0.2243
sonnig,0.2244
weise,0.2244
motivieren,0.2248
scharf,0.2248
einkaufen,0.2249
artig,0.225
übersichtlich,0.2253
vertraut,0.2266
nah,0.2267
mächtig,0.2277
modern,0.2287
besten,0.2291
nützlich,0.2302
vorsichtig,0.2313
geliebt,0.2315
hoffen,0.2318
gelassen,0.2325
pflegen,0.2325
bequem,0.2344
Fest,0.2346
schlank,0.2349
hell,0.235
erholen,0.2357
Schwung,0.238
überzeugt,0.2381
locker,0.2381
entspannen,0.2406
kräftig,0.2408
absolut,0.2418
Spass,0.2429
überrascht,0.2438
Glück,0.2452
interessant,0.2488
lernen,0.2492
fröhlich,0.2501
gefallen,0.2578
klein,-0.2715
teuer,-0.2716
Spaß,0.2823
billig,-0.2842
verdammt,-0.2925
scheiße,-0.2945
beschissen,-0.2947
missgelaunt,-0.297
schmutzig,-0.2984
eindrucksvoll,0.3001
gallig,-0.3005
unglücklich,-0.301
faszinierend,0.3037
energielos,-0.3037
schimmelig,-0.304
furchtbar,-0.3042
fies,-0.305
habgierig,-0.3059
debil,-0.306
brillant,0.3064
phantasievoll,0.3064
widernatürlich,-0.3064
Unverantwortlichkeit,-0.3068
Unstetigkeit,-0.3075
einzigartig,0.3078
erstechen,-0.3078
wundervoll,0.308
bezaubernd,0.3081
Unfreundlichkeit,-0.3085
hochtrabend,-0.3086
grottenschlecht,-0.3089
jähzornig,-0.3089
tadellos,0.309
unaufrichtig,-0.3091
Dussel,-0.3094
blendend,0.3096
Qualitätsminderung,-0.3096
Inkonsistenz,-0.3097
abspalten,-0.3099
verräterisch,-0.311
ärgerlich,-0.3111
Fleiß,0.3113
unbewiesen,-0.3113
abreissen,-0.3116
Ungeschicklichkeit,-0.3116
vulgär,-0.3122
bedrücken,-0.3123
ungezogen,-0.3124
ehebrechen,-0.3128
gestreßt,-0.3128
enttäuscht,-0.3129
verderblich,-0.3131
entwürdigend,-0.3132
glanzlos,-0.3133
einmalig,0.3137
Degradierung,-0.3137
wutentbrannt,-0.3138
untröstlich,-0.3139
unvorhergesehen,-0.3141
versklaven,-0.3142
schelten,-0.3143
menschenunwürdig,-0.3144
blöde,-0.3145
ausgezeichnet,0.3146
glücklos,-0.3147
annullieren,-0.3149
zensieren,-0.315
unqualifiziert,-0.3153
Aggressor,-0.3155
Negativität,-0.3155
undankbar,-0.3156
herzlos,-0.3157
betrügerisch,-0.3163
banal,-0.3166
missmutig,-0.3166
inkorrekt,-0.3167
schwächlich,-0.3167
laienhaft,-0.3169
humorvoll,0.317
kränklich,-0.3172
Unmoral,-0.3172
Handgemenge,-0.3174
zweideutig,-0.3174
barbarisch,-0.3176
ungehorsam,-0.3176
Drosselung,-0.3178
Egoist,-0.3179
schmerzhaft,-0.3182
unpraktisch,-0.3182
top,0.3186
verwunden,-0.3186
boshaft,-0.3187
hinterlistig,-0.3187
vorbildlich,0.3188
Bösartigkeit,-0.3189
unbefriedigt,-0.319
ängstigen,-0.3193
stilvoll,0.3197
abfällig,-0.3197
hämisch,-0.3198
engstirnig,-0.3199
herabsetzen,-0.3199
Begeisterung,0.32
wohlig,0.32
unsportlich,-0.32
Abstrich,-0.3201
Minderwertigkeit,-0.3201
missverstehen,-0.3202
Verwerfung,-0.3202
übertrieben,-0.3203
Krüppel,-0.3203
kümmerlich,-0.3208
Beschuldigung,-0.3209
geschmacklos,-0.3212
übergewichtig,-0.3215
Abstieg,-0.3215
ausbeuten,-0.3215
intolerant,-0.3215
talentiert,0.3218
Teuerung,-0.322
beunruhigen,-0.3221
erzürnt,-0.3221
leistungsfähig,0.3222
untreu,-0.3222
charmant,0.3223
vorzüglich,0.3223
Zeitverschwendung,-0.3223
heimsuchen,-0.3228
diskreditieren,-0.323
wütend,-0.3233
tadeln,-0.3234
grauenvoll,-0.3238
Beunruhigung,-0.324
heimtückisch,-0.3241
unverantwortliche,-0.3242
Tyrannei,-0.3243
frustriert,-0.3244
unterentwickelt,-0.3245
verächtlich,-0.3245
unkorrekt,-0.3247
untragbar,-0.3247
unredlich,-0.3248
strittig,-0.3249
Gebrechen,-0.3251
Heuchler,-0.3251
schmerzen,-0.3251
apathisch,-0.3252
unvernünftig,-0.3252
befangen,-0.3253
Leichtsinn,-0.3253
egoistisch,-0.3254
vorwerfen,-0.3254
freudig,0.3256
unbarmherzig,-0.3257
Erniedrigung,-0.3259
undemokratisch,-0.3259
labil,-0.326
unwissend,-0.326
atemberaubend,0.3261
unpassend,-0.3261
beschuldigen,-0.3264
beunruhigend,-0.3264
Beifall,0.3265
Ambivalenz,-0.3266
unbeliebt,-0.3266
widersinnig,-0.3266
berühmt,0.3267
absinken,-0.3269
unehrlich,-0.327
unscharf,-0.327
unsachgemäß,-0.3271
prekär,-0.3272
träge,-0.3272
irrational,-0.3277
undurchsichtig,-0.3279
Unterwerfung,-0.3279
Vernachlässigung,-0.328
fair,0.3281
besorgniserregend,-0.3281
Sklave,-0.3281
Abwertung,-0.3283
Finanzkrise,-0.3283
schädigenden,-0.3284
verfluchen,-0.3284
Sündenbock,-0.3285
Schönheit,0.3286
Zumutung,-0.3286
Arroganz,-0.3289
Uneinigkeit,-0.3289
übertreten,-0.329
ersticken,-0.3291
Unbehagen,-0.3291
ermorden,-0.3292
beschneiden,-0.3293
erbost,-0.3293
Untreue,-0.3293
grimmig,-0.3295
Humor,0.3296
erliegen,-0.3296
Geldstrafe,-0.3299
Oberflächlichkeit,-0.3299
innovativ,0.3302
Zusammenstoß,-0.3302
mild,0.3303
ziellos,-0.3305
belanglos,-0.3306
Schurke,-0.3306
nachlässig,-0.3307
erbrechen,-0.3308
gelähmt,-0.3308
Verachtung,-0.3308
diffus,-0.331
zurückschicken,-0.331
Betrüger,-0.3311
überwältigend,0.3312
Beschneidung,-0.3313
Sintflut,-0.3313
erschießen,-0.3317
zusammenbrechen,-0.3317
grotesk,-0.3318
unerbittlich,-0.3318
fantastisch,0.3319
Ermordung,-0.332
meiden,-0.332
unbestimmt,-0.3322
Kompliment,0.3323
Kollision,-0.3323
Pleite,-0.3323
verfälschen,-0.3323
Verwirrung,-0.3323
menschlich,0.3324
einschränken,-0.3327
riskieren,-0.3328
unüblich,-0.3328
Kontroverse,-0.3329
beanstandet,-0.333
stören,-0.333
verhängnisvoll,-0.333
brüchig,-0.3331
schamlos,-0.3332
anzünden,-0.3333
misstrauisch,-0.3333
unten,-0.3334
hinfällig,-0.3336
mühsam,-0.3336
Übermaß,-0.3337
kraftlos,-0.3338
befallen,-0.334
geduldig,0.3342
unbefriedigend,-0.3343
Abschreibung,-0.3345
schuldhaft,-0.3346
Desinteresse,-0.3348
Grausamkeit,-0.3348
Gefallen,0.3349
unbeschwert,0.3349
Farce,-0.3349
prächtig,0.335
beschädigen,-0.335
Narr,-0.335
machtlos,-0.3351
Talent,0.3352
instabil,-0.3352
Verräter,-0.3352
abraten,-0.3353
Frustration,-0.3354
verlogen,-0.3355
Verschwörung,-0.3355
Wermutstropfen,-0.3356
Ärgernis,-0.3357
nachteilig,-0.3357
Spott,-0.3357
abführen,-0.3358
Instabilität,-0.3358
pessimistisch,-0.3359
grau,-0.336
weglassen,-0.3362
fürchterlich,-0.3363
unzufrieden,-0.3363
Abfuhr,-0.3367
provozieren,-0.3369
Vergeltung,-0.3369
Schwächung,-0.337
Bosheit,-0.3371
schick,0.3372
schwächen,-0.3372
Gefecht,-0.3373
unseriös,-0.3373
Gangster,-0.3375
hilfsbereit,0.3377
Bußgeld,-0.3377
Fälschung,-0.3377
Müll,-0.3377
zurückgeschickt,-0.3377
Enttäuschung,-0.3378
giftig,-0.3378
sanft,0.338
scheiß,-0.3381
ansprechend,0.3382
unfreiwillig,-0.3382
auffallen,-0.3386
Hysterie,-0.3386
gönnen,0.3387
Einsamkeit,-0.339
Unordnung,-0.3391
Verschmutzung,-0.3392
unberechtigt,-0.3393
unterwerfen,-0.3393
flott,0.3394
bitter,-0.3394
Hilflosigkeit,-0.3394
Unfug,-0.3394
Unmut,-0.3394
außergewöhnlich,0.3395
kontrovers,-0.3395
mangelhaft,-0.3395
überzeugen,0.3396
Wunde,-0.3396
glänzen,0.3397
Stil,0.3398
lächeln,0.3399
unzumutbar,-0.34
gefeiert,0.3403
Dilemma,-0.3403
rechtswidrig,-0.3406
vage,-0.3406
unfreundlich,-0.3407
beeindruckend,0.3408
bedrohen,-0.3408
gewalttätig,-0.3409
verzögern,-0.3409
schlau,0.341
Kürzung,-0.341
hoffnungslos,-0.3412
überlastet,-0.3413
aussetzen,-0.3413
Desaster,-0.3413
unerwünscht,-0.3413
heil,0.3414
vorhersehbar,-0.3414
Ungerechtigkeit,-0.3419
abweichen,-0.3422
unwahr,-0.3424
arbeitslos,-0.3426
Panik,-0.3429
Gleichgültigkeit,-0.343
Umtausch,-0.343
Beleidigung,-0.3432
unwichtig,-0.3433
Absenkung,-0.3434
mutig,0.3435
vernünftig,0.3436
gleichgültig,-0.3436
unterlaufen,-0.3438
kürzen,-0.3439
Korruption,-0.3439
Gegner,-0.344
Verlierer,-0.3441
Verweigerung,-0.3441
erschlagen,-0.3442
Täuschung,-0.3445
Erfolg,0.3446
mögen,0.345
fatal,-0.345
widerlegen,-0.3452
sexy,0.3453
Isolation,-0.3453
Rezession,-0.3454
unerträglich,-0.3454
Manipulation,-0.3455
Sackgasse,-0.3455
zweifelhaft,-0.3455
Pest,-0.3456
überfallen,-0.3457
blockieren,-0.3459
defekt,-0.346
Fehlverhalten,-0.3461
Abweichung,-0.3462
Inflation,-0.3462
vorzeitig,-0.3462
Bruch,-0.3463
Versuchung,-0.3463
Ärger,-0.3465
Abgrund,-0.3465
Rücksendung,-0.3465
kritisieren,-0.3466
kämpfen,-0.3467
Anklage,-0.3468
strafbar,-0.3468
verdrängen,-0.3468
Zensur,-0.3468
Defizit,-0.347
Beeinträchtigung,-0.3472
klasse,0.3474
illegal,-0.3479
ausfallen,-0.3481
willkürlich,-0.3481
abbrechen,-0.3482
ungültig,-0.3485
fahrlässig,-0.3487
tödlich,-0.3487
umständlich,-0.3487
unterlassen,-0.3488
harmonisch,0.3489
Chaos,-0.3489
rächen,-0.3489
erleiden,-0.3494
grob,-0.3495
rückwärts,-0.3496
Einbruch,-0.3498
Untergang,-0.3498
gepflegt,0.3499
Rückzug,-0.3501
zurückgegeben,-0.3502
drohen,-0.3503
Diebstahl,-0.3505
Gift,-0.3505
Sucht,-0.3505
bunt,0.3507
Räuber,-0.3508
drastisch,-0.351
Vertrauen,0.3512
drängen,-0.3516
unsinnig,-0.3516
Versagen,-0.3517
Beschränkung,-0.3518
verstoßen,-0.3521
problematisch,-0.3524
Scheitern,-0.3524
treu,0.3526
Hunger,-0.3531
klug,0.3532
Fluch,-0.3534
Rache,-0.3534
verringern,-0.3537
Zorn,-0.3537
widersprechen,-0.354
motiviert,0.3541
fürchten,-0.3545
Dunkelheit,-0.3547
Arbeitslose,-0.3549
sauber,0.3553
Terrorismus,-0.3553
unzulässig,-0.3554
heiß,0.3557
satt,0.3557
unmöglich,-0.3559
stoßen,-0.3563
Protest,-0.3564
klagen,-0.3565
Störung,-0.3569
wertvoll,0.357
fleißig,0.3571
verwöhnen,0.3571
streng,-0.3571
Pflicht,-0.3577
Behinderung,-0.3578
Zerstörung,-0.3578
Unsicherheit,-0.358
fehlerhaft,-0.3581
verschwinden,-0.3588
weich,0.3591
Mord,-0.3595
befürchten,-0.3602
wachsen,0.3607
verdient,0.3612
verletzen,-0.3615
süß,0.3616
reichlich,0.3617
Sorge,-0.3618
Krise,-0.3621
niedrig,-0.3623
Opposition,-0.3631
Niederlage,-0.3651
Abhängigkeit,-0.3653
Arbeitslosigkeit,-0.3654
löschen,-0.3654
Widerspruch,-0.3655
dramatisch,-0.3656
verboten,-0.3657
Mangel,-0.3669
Kläger,-0.3673
gemütlich,0.368
vertreiben,-0.3684
fit,0.3686
groß,0.3694
miteinander,0.3697
unglaublich,0.3698
Belastung,-0.3711
gut,0.3716
helfen,0.373
Schäden,-0.3731
sicher,0.3733
fertig,0.3757
warm,0.3796
ruhig,0.3815
wichtig,0.3822
Problem,-0.3865
zufrieden,0.393
verlieren,-0.393
böse,-0.4183
exzellent,0.4198
Gratulation,0.428
begeistern,0.4324
unverbesserlich,-0.4363
hässlich,-0.4387
unzivilisiert,-0.4413
loben,0.4445
dreist,-0.4457
gerührt,0.446
witzig,0.4463
verleumden,-0.4473
faschistisch,-0.4477
aggressiv,-0.4484
amateurhaft,-0.4485
unschön,-0.4486
unachtsam,-0.4488
überzeugend,0.4489
niederträchtig,-0.45
bekümmert,-0.4503
bemerkenswert,0.4515
abwerten,-0.4521
sympathisch,0.4529
gräßlich,-0.4529
gekränkt,-0.453
ungeliebt,-0.4532
defizitär,-0.4535
heuchlerisch,-0.4544
arm,-0.4546
riesig,0.4554
klettern,0.457
öde,-0.457
feindselig,-0.4579
Diffamierung,-0.4591
Gauner,-0.4592
ineffizient,-0.4602
unklug,-0.4604
großartig,0.4606
schonungslos,-0.461
Jammer,-0.4613
unsozial,-0.4614
korrupt,-0.4615
Ekel,-0.462
ambivalent,-0.4628
hübsch,0.4629
beherrscht,0.4635
beleidigend,-0.4636
haarsträubend,-0.4637
Schlechtigkeit,-0.4646
feige,-0.4649
bewährt,0.465
Ungeduld,-0.4655
unattraktiv,-0.4656
liebevoll,0.4657
mürrisch,-0.4658
arrogant,-0.4659
verbittert,-0.4659
Unwahrheit,-0.466
Frechheit,-0.4665
unwillig,-0.4665
professionell,0.467
Frust,-0.469
unangenehm,-0.4691
kriminell,-0.4692
krank,-0.4694
abstürzen,-0.4697
lieblos,-0.4697
Attacke,-0.47
ungerechtfertigt,-0.4701
niedergeschlagen,-0.4708
töricht,-0.471
unsauber,-0.4713
kurzsichtig,-0.4714
bösartig,-0.4715
depressiv,-0.4715
Pessimismus,-0.4715
unterirdisch,-0.4715
zerstörerisch,-0.4715
feindlich,-0.4723
unmenschlich,-0.4724
bedrohlich,-0.4726
Wut,-0.4726
unbrauchbar,-0.4727
Neid,-0.4729
fein,0.4734
ängstlich,-0.4735
Absturz,-0.4739
Hungersnot,-0.4739
Ehebruch,-0.4743
angespannt,-0.4744
rücksichtslos,-0.4754
Missverständnis,-0.4756
Fehlermeldung,-0.4765
Lügner,-0.4767
entsetzlich,-0.477
unvollkommen,-0.4772
absteigen,-0.4776
zerrissen,-0.4776
Misstrauen,-0.4778
verheerend,-0.478
ungewollt,-0.4781
leider,-0.4787
unfähig,-0.4787
Teufelskreis,-0.479
Geschenk,0.4792
Verleumdung,-0.4792
beunruhigt,-0.4795
erbärmlich,-0.4796
Klischee,-0.48
lückenhaft,-0.4805
bestrafen,-0.4811
unlogisch,-0.4817
verspätet,-0.4819
herrlich,0.4821
Pech,-0.4823
unterdrücken,-0.4825
hilflos,-0.4827
Scham,-0.4829
beleidigt,-0.4848
verfallen,-0.4849
nutzlos,-0.485
fragwürdig,-0.4858
leugnen,-0.4862
radikal,-0.487
Dummheit,-0.4877
unangemessen,-0.4883
Vernichtung,-0.4883
angenehm,0.4887
Aggression,-0.4889
unverantwortlich,-0.4889
erschweren,-0.4891
Propaganda,-0.4893
Übel,-0.4895
vernichten,-0.4902
Befürchtung,-0.4903
Betrug,-0.4913
katastrophal,-0.4917
unbegründet,-0.4923
unvollständig,-0.4926
ausschließen,-0.4935
Unwissenheit,-0.4935
fremd,-0.4939
feiern,0.494
stehlen,-0.4944
kündigen,-0.4947
negativ,-0.4949
Depression,-0.4951
Verschlechterung,-0.4959
unterstellen,-0.4961
beklagen,-0.4967
Unsinn,-0.4969
ungenau,-0.497
zwingen,-0.4975
beeinträchtigen,-0.4979
genießen,0.4983
Lüge,-0.5
Unglück,-0.5004
gefährden,-0.5006
super,0.5012
Furcht,-0.5012
Hass,-0.5014
Ruhe,0.5017
unklar,-0.5023
Katastrophe,-0.5027
zerstört,-0.503
Verletzung,-0.5032
trennen,-0.5033
Schwäche,-0.5035
Hölle,-0.5052
Leid,-0.5056
toll,0.5066
veraltet,-0.507
Trennung,-0.5071
belasten,-0.5078
Unrecht,-0.5086
Vorwurf,-0.5095
Ablehnung,-0.5118
übersehen,-0.5128
zerstören,-0.5131
Angst,-0.514
überflüssig,-0.5154
stolz,0.5161
verletzt,-0.5202
töten,-0.5203
Verlust,-0.5204
unzureichend,-0.5233
vermeiden,-0.5265
Schaden,-0.5299
Kritik,-0.5308
Gewalt,-0.5363
Krieg,-0.5364
fehlen,-0.5365
Kampf,-0.5372
besonders,0.5391
gigantisch,0.5459
euphorisch,0.5505
phantastisch,0.565
traumhaft,0.5665
prima,0.5766
abwechslungsreich,0.5797
gelohnt,0.5859
abstoßend,-0.5859
kreativ,0.5865
hervorragend,0.5891
dumm,-0.5901
inkompetent,-0.5935
untauglich,-0.5944
Groll,-0.6021
freundlich,0.6022
gnadenlos,-0.6033
bedeutungslos,-0.6046
unnütz,-0.6073
beleidigen,-0.6076
verdammen,-0.6079
ungeschickt,-0.6087
Mut,0.6093
Faulheit,-0.611
unzuverlässig,-0.612
minderwertig,-0.613
unbedeutend,-0.6134
täuschen,-0.6192
unmoralisch,-0.6224
schlicht,-0.623
grausam,-0.625
Ausgrenzung,-0.626
Vorurteil,-0.6261
wertlos,-0.6264
unsicher,-0.6268
kontraproduktiv,-0.6272
verbieten,-0.629
Sturz,-0.6316
Unzufriedenheit,-0.6324
sinnlos,-0.6331
unverständlich,-0.6347
gefährlich,-0.6366
ungeeignet,-0.6394
lächerlich,-0.6435
ablehnen,-0.6458
Kritiker,-0.6494
schlimmer,-0.6494
Freude,0.6502
gering,-0.6621
Streit,-0.6632
zuvorkommend,0.6669
Fehler,-0.6752
Krankheit,-0.6858
Risiko,-0.687
romantisch,0.6965
wunderschön,0.7048
spannend,0.7165
gemein,-0.7203
wunderbar,0.7234
Lob,0.7246
perfekt,0.7299
unwürdig,-0.7312
verwerflich,-0.7418
betrügen,-0.743
primitiv,-0.7475
FALSCH,-0.7618
ungünstig,-0.767
verurteilen,-0.77
bedenklich,-0.7701
schlecht,-0.7706
behindern,-0.7748
ungerecht,-0.7844
schuldig,-0.7968
brechen,-0.7991
Feind,-0.8054
Verdacht,-0.8074
Nachteil,-0.8102
unfair,-0.8827
schämen,-0.893
schwach,-0.9206
schädlich,-0.9269
unnötig,-0.9463
Schuld,-0.9686
gelungen,1
Gefahr,-1
